Predictor variable,Categorical,Sample average
alt,false,393.00877192982455
bio11,false,194.06140350877192
bio12,false,1531.3684210526317
bio13,false,237.69298245614036
bio17,false,139.60526315789474
bio18,false,401.7543859649123
bio2,false,108.80701754385964
bio4,false,2075.464912280702
bio5,false,308.5964912280702
cattle,false,25.348461273336667
glc2000,true,50.0
